{"class_names": ["blast", "blight", "tungro"], "confusion_matrix": [[7, 0, 0], [1, 10, 0], [1, 0, 5]], "accuracy": 0.9351851851851851, "recall": 0.9166666666666666, "precision": 0.9189889971139972, "f2_score": null}